section,title,url,image
Analysis & Opinion,"As Moore's Law slows, high-end applications may feel the effect, MIT scientist warns",https://www.zdnet.com/article/as-moores-law-slows-high-end-applications-may-feel-the-effect-mit-scientist-warns/,
Analysis & Opinion,Fair forecast? How 180 meteorologists are delivering 'good enough' weather data,https://www.zdnet.com/article/fair-forecast-how-180-meteorologists-are-delivering-good-enough-weather-data/,
Analysis & Opinion,"Resisting the urge to be impressed, knowing what we talk about when we talk about AI",https://www.zdnet.com/article/resisting-the-urge-to-be-impressed-and-knowing-what-we-are-talking-about-when-we-talk-about-ai/,
Analysis & Opinion,Salesforce's AI Economist research wants to explore the equilibrium between equality and productivity,https://www.zdnet.com/article/salesforces-ai-economist-research-wants-to-explore-the-equilibrium-between-equality-and-productivity/,
Analysis & Opinion,Can wall crawling robots help solve our infrastructure problems?,https://www.zdnet.com/article/can-wall-crawling-robots-solve-infrastructure-problems/,
Analysis & Opinion,Scribble me this: The uncertain future of note-taking apps,https://www.zdnet.com/article/scribble-me-this-the-past-present-and-future-of-note-taking-apps/,
Analysis & Opinion,"Yes, robots have taken over (So why don't we care?)",https://www.zdnet.com/article/yes-robots-have-taken-over-so-why-dont-we-care/,
Analysis & Opinion,"You.com is taking on Google with AI, apps, privacy, and personalization",https://www.zdnet.com/article/you-com-is-taking-on-google-with-ai-apps-privacy-and-personalization/,
Analysis & Opinion,Fighting bias in AI starts with the data,https://www.zdnet.com/article/fighting-bias-in-ai-starts-with-the-data/,
Analysis & Opinion,DeepMind's Perceiver AR: a step toward more AI efficiency,https://www.zdnet.com/article/deepminds-perceiver-ar-a-step-toward-more-ai-efficiency/,
Analysis & Opinion,AI is making the frontline a more compelling place to work,https://www.zdnet.com/article/ai-is-making-the-frontline-a-more-compelling-place-to-work/,
Analysis & Opinion,"The future of AI is a software story, says Graphcore's CEO",https://www.zdnet.com/article/the-future-of-ai-is-a-software-story-says-graphcores-ceo/,
Analysis & Opinion,Moving beyond employee surveillance in transportation,https://www.zdnet.com/article/moving-beyond-employee-surveillance-in-transportation/,
Analysis & Opinion,"The EU AI Act could help get to Trustworthy AI, according to the Mozilla Foundation",https://www.zdnet.com/article/the-eu-ai-act-could-help-get-to-trustworthy-ai-according-to-the-mozilla-foundation/,
Analysis & Opinion,The #1 way AI is transforming grocery shopping,https://www.zdnet.com/article/1-way-ai-is-transforming-grocery-shopping/,
Analysis & Opinion,Google is exiting the IoT services business. Microsoft is doing the opposite,https://www.zdnet.com/article/google-is-exiting-the-iot-services-business-microsoft-is-doing-the-opposite/,
Analysis & Opinion,"Artificial intelligence projects grew tenfold over past year, survey says",https://www.zdnet.com/article/artificial-intelligence-projects-grew-tenfold-over-past-year-survey-says/,
Analysis & Opinion,AI maturity: Only 12% of companies are 'AI Achievers',https://www.zdnet.com/article/what-is-ai-maturity-and-why-does-it-matter/,
Analysis & Opinion,"Amazon, just say no: The looming horror of AI voice replication",https://www.zdnet.com/article/just-say-no-the-potential-horrors-of-ai-voice-replication/,
Analysis & Opinion,Caution: Will this tech change how we read and write?,https://www.zdnet.com/article/caution-will-this-tech-change-how-we-read-and-write/,
Analysis & Opinion,A Starbucks barista just proved we trust robots more than people,https://www.zdnet.com/article/a-starbucks-barista-just-proved-we-trust-robots-more-than-people/,
Analysis & Opinion,Stop ignoring your car's most important safety feature,https://www.zdnet.com/article/stop-ignoring-your-cars-most-important-safety-feature/,
Analysis & Opinion,10 key customer service trends for 2022 and beyond,https://www.zdnet.com/article/10-key-customer-service-trends-for-2022-and-beyond/,
Analysis & Opinion,"Managing disaster and disruption with AI, one tree at a time",https://www.zdnet.com/article/managing-disaster-and-disruption-with-ai-one-tree-at-a-time/,
Analysis & Opinion,"As Moore's Law slows, high-end applications may feel the effect, MIT scientist warns",https://www.zdnet.com/article/as-moores-law-slows-high-end-applications-may-feel-the-effect-mit-scientist-warns/,
Analysis & Opinion,Fair forecast? How 180 meteorologists are delivering 'good enough' weather data,https://www.zdnet.com/article/fair-forecast-how-180-meteorologists-are-delivering-good-enough-weather-data/,
Analysis & Opinion,"Resisting the urge to be impressed, knowing what we talk about when we talk about AI",https://www.zdnet.com/article/resisting-the-urge-to-be-impressed-and-knowing-what-we-are-talking-about-when-we-talk-about-ai/,
Analysis & Opinion,Salesforce's AI Economist research wants to explore the equilibrium between equality and productivity,https://www.zdnet.com/article/salesforces-ai-economist-research-wants-to-explore-the-equilibrium-between-equality-and-productivity/,
Analysis & Opinion,Can wall crawling robots help solve our infrastructure problems?,https://www.zdnet.com/article/can-wall-crawling-robots-solve-infrastructure-problems/,
Analysis & Opinion,Scribble me this: The uncertain future of note-taking apps,https://www.zdnet.com/article/scribble-me-this-the-past-present-and-future-of-note-taking-apps/,
Analysis & Opinion,"Yes, robots have taken over (So why don't we care?)",https://www.zdnet.com/article/yes-robots-have-taken-over-so-why-dont-we-care/,
Analysis & Opinion,"You.com is taking on Google with AI, apps, privacy, and personalization",https://www.zdnet.com/article/you-com-is-taking-on-google-with-ai-apps-privacy-and-personalization/,
Analysis & Opinion,Fighting bias in AI starts with the data,https://www.zdnet.com/article/fighting-bias-in-ai-starts-with-the-data/,
Analysis & Opinion,DeepMind's Perceiver AR: a step toward more AI efficiency,https://www.zdnet.com/article/deepminds-perceiver-ar-a-step-toward-more-ai-efficiency/,
Analysis & Opinion,AI is making the frontline a more compelling place to work,https://www.zdnet.com/article/ai-is-making-the-frontline-a-more-compelling-place-to-work/,
Analysis & Opinion,"The future of AI is a software story, says Graphcore's CEO",https://www.zdnet.com/article/the-future-of-ai-is-a-software-story-says-graphcores-ceo/,
Analysis & Opinion,Moving beyond employee surveillance in transportation,https://www.zdnet.com/article/moving-beyond-employee-surveillance-in-transportation/,
Analysis & Opinion,"The EU AI Act could help get to Trustworthy AI, according to the Mozilla Foundation",https://www.zdnet.com/article/the-eu-ai-act-could-help-get-to-trustworthy-ai-according-to-the-mozilla-foundation/,
Analysis & Opinion,The #1 way AI is transforming grocery shopping,https://www.zdnet.com/article/1-way-ai-is-transforming-grocery-shopping/,
Analysis & Opinion,Google is exiting the IoT services business. Microsoft is doing the opposite,https://www.zdnet.com/article/google-is-exiting-the-iot-services-business-microsoft-is-doing-the-opposite/,
Analysis & Opinion,"Artificial intelligence projects grew tenfold over past year, survey says",https://www.zdnet.com/article/artificial-intelligence-projects-grew-tenfold-over-past-year-survey-says/,
Analysis & Opinion,AI maturity: Only 12% of companies are 'AI Achievers',https://www.zdnet.com/article/what-is-ai-maturity-and-why-does-it-matter/,
Analysis & Opinion,"Amazon, just say no: The looming horror of AI voice replication",https://www.zdnet.com/article/just-say-no-the-potential-horrors-of-ai-voice-replication/,
Analysis & Opinion,Caution: Will this tech change how we read and write?,https://www.zdnet.com/article/caution-will-this-tech-change-how-we-read-and-write/,
Analysis & Opinion,A Starbucks barista just proved we trust robots more than people,https://www.zdnet.com/article/a-starbucks-barista-just-proved-we-trust-robots-more-than-people/,
Analysis & Opinion,Stop ignoring your car's most important safety feature,https://www.zdnet.com/article/stop-ignoring-your-cars-most-important-safety-feature/,
Analysis & Opinion,10 key customer service trends for 2022 and beyond,https://www.zdnet.com/article/10-key-customer-service-trends-for-2022-and-beyond/,
Analysis & Opinion,"Managing disaster and disruption with AI, one tree at a time",https://www.zdnet.com/article/managing-disaster-and-disruption-with-ai-one-tree-at-a-time/,
Product Research,"AWS rolls out SageMaker Studio Lab, a free ML service for beginners",https://www.zdnet.com/article/aws-rolls-out-sagemaker-studio-lab-a-free-ml-service-for-beginners/,
Product Research,"Human-Centered AI, book review: A roadmap for people-first artificial intelligence",https://www.zdnet.com/article/human-centered-ai-book-review/,
Product Research,Autonomous trucks can drastically cut emissions (Here's how),https://www.zdnet.com/article/autonomous-trucks-cut-operating-costs-and-emissions/,
Product Research,"J.D. Power: Lack of consumer knowledge, lingering safety concerns hampering automated vehicle enthusiasm",https://www.zdnet.com/article/j-d-power-lack-of-consumer-knowledge-lingering-safety-concerns-hampering-automated-vehicle-enthusiasm/,
Product Research,How I used a Raspberry Pi to automate birdwatching,https://www.zdnet.com/article/how-i-used-a-raspberry-pi-to-automate-birdwatching/,
Product Research,"Hey drone industry: Quit griping, it's time to work with the FAA",https://www.zdnet.com/article/hey-drone-industry-time-to-work-with-the-faa/,
Product Research,"The New Breed book review: Use animals, not humans, as the model for robots",https://www.zdnet.com/article/the-new-breed-book-review-use-animals-not-humans-as-the-model-for-robots/,
Product Research,"Work Without the Worker, book review: Microtasking, automation and the future of work",https://www.zdnet.com/article/work-without-the-worker-book-review-microtasking-automation-and-the-future-of-work/,
Product Research,Braava Jet m6 review: A must-have robot mop,https://www.zdnet.com/article/braava-jet-m6-review/,
Product Research,Eufy's new smart security cameras do things that Amazon's can't,https://www.zdnet.com/article/eufys-new-smart-security-cameras-do-things-that-amazons-cant/,
Product Research,A robot vacuum sneaked into my house. It was a little fishy,https://www.zdnet.com/article/a-robot-vacuum-sneaked-into-my-house-it-was-a-little-fishy/,
Product Research,"AWS fleshes out processor roadmap with Graviton3, Trainium, new instances",https://www.zdnet.com/article/aws-fleshes-out-processor-roadmap-with-graviton3-trainium-new-instances/,
Product Research,Dreamebot's self-emptying robot vac comes with a dreamy price tag,https://www.zdnet.com/article/dreamebot-d-10-plus-review/,
Product Research,"Otter Assistant for Teams, hands on: Flexible transcription for your remote meetings",https://www.zdnet.com/article/otter-assistant-for-teams-hands-on/,
Product Research,Bing Image Creator vs DALL-E 2: Which generates the best AI images?,https://www.zdnet.com/article/bing-image-creator-vs-dall-e-2-which-generates-the-best-ai-images/,
Product Research,"Meta, AWS expand partnership, aim to enhance PyTorch adoption",https://www.zdnet.com/article/meta-aws-expand-partnership-aim-to-enhance-pytorch-adoption/,
Product Research,CES 2022: Invoxia announces a Smart Dog Collar for tracking your pet's health and location,https://www.zdnet.com/article/ces-2022-invoxia-announces-a-smart-dog-collar-for-tracking-your-dogs-activity-and-location/,
Product Research,I tested the AI gadget that got the internet buzzing and it left me wanting more,https://www.zdnet.com/article/i-tested-the-ai-gadget-that-got-the-internet-buzzing-and-it-left-me-wanting-more/,
Product Research,YouPro lets me access every popular premium AI chatbot for $20/month - but there's a catch,https://www.zdnet.com/article/youpro-lets-me-access-every-popular-premium-ai-chatbot-for-20month-but-theres-a-catch/,
Product Research,Google's Pixel 7 cameras focus on 'accessible creativity' with impressive new features,https://www.zdnet.com/article/googles-pixel-7-cameras-focus-on-accessible-creativity-with-impressive-new-features/,
Product Research,"iLife A11 robot vacuum and mop review: Nice vac, disappointing mop",https://www.zdnet.com/article/ilife-a11-robot-vacuum-and-mop-cleaner-review/,
Product Research,"I tried Microsoft Copilot's new AI image-generating feature, and it solves a real problem",https://www.zdnet.com/article/i-tried-microsoft-copilots-new-ai-image-generating-feature-and-it-solves-a-real-problem/,
Product Research,AI chip startup Ceremorphic comes out of stealth mode,https://www.zdnet.com/article/ai-chip-startup-ceremorphic-comes-out-of-stealth-mode/,
Product Research,Roomba j7+ review: A life-changing robot vacuum,https://www.zdnet.com/article/irobot-roomba-j7-review/,
Product Research,"AWS rolls out SageMaker Studio Lab, a free ML service for beginners",https://www.zdnet.com/article/aws-rolls-out-sagemaker-studio-lab-a-free-ml-service-for-beginners/,
Product Research,"Human-Centered AI, book review: A roadmap for people-first artificial intelligence",https://www.zdnet.com/article/human-centered-ai-book-review/,
Product Research,Autonomous trucks can drastically cut emissions (Here's how),https://www.zdnet.com/article/autonomous-trucks-cut-operating-costs-and-emissions/,
Product Research,"J.D. Power: Lack of consumer knowledge, lingering safety concerns hampering automated vehicle enthusiasm",https://www.zdnet.com/article/j-d-power-lack-of-consumer-knowledge-lingering-safety-concerns-hampering-automated-vehicle-enthusiasm/,
Product Research,How I used a Raspberry Pi to automate birdwatching,https://www.zdnet.com/article/how-i-used-a-raspberry-pi-to-automate-birdwatching/,
Product Research,"Hey drone industry: Quit griping, it's time to work with the FAA",https://www.zdnet.com/article/hey-drone-industry-time-to-work-with-the-faa/,
Product Research,"The New Breed book review: Use animals, not humans, as the model for robots",https://www.zdnet.com/article/the-new-breed-book-review-use-animals-not-humans-as-the-model-for-robots/,
Product Research,"Work Without the Worker, book review: Microtasking, automation and the future of work",https://www.zdnet.com/article/work-without-the-worker-book-review-microtasking-automation-and-the-future-of-work/,
Product Research,Braava Jet m6 review: A must-have robot mop,https://www.zdnet.com/article/braava-jet-m6-review/,
Product Research,Eufy's new smart security cameras do things that Amazon's can't,https://www.zdnet.com/article/eufys-new-smart-security-cameras-do-things-that-amazons-cant/,
Product Research,A robot vacuum sneaked into my house. It was a little fishy,https://www.zdnet.com/article/a-robot-vacuum-sneaked-into-my-house-it-was-a-little-fishy/,
Product Research,"AWS fleshes out processor roadmap with Graviton3, Trainium, new instances",https://www.zdnet.com/article/aws-fleshes-out-processor-roadmap-with-graviton3-trainium-new-instances/,
Product Research,Dreamebot's self-emptying robot vac comes with a dreamy price tag,https://www.zdnet.com/article/dreamebot-d-10-plus-review/,
Product Research,"Otter Assistant for Teams, hands on: Flexible transcription for your remote meetings",https://www.zdnet.com/article/otter-assistant-for-teams-hands-on/,
Product Research,Bing Image Creator vs DALL-E 2: Which generates the best AI images?,https://www.zdnet.com/article/bing-image-creator-vs-dall-e-2-which-generates-the-best-ai-images/,
Product Research,"Meta, AWS expand partnership, aim to enhance PyTorch adoption",https://www.zdnet.com/article/meta-aws-expand-partnership-aim-to-enhance-pytorch-adoption/,
Product Research,CES 2022: Invoxia announces a Smart Dog Collar for tracking your pet's health and location,https://www.zdnet.com/article/ces-2022-invoxia-announces-a-smart-dog-collar-for-tracking-your-dogs-activity-and-location/,
Product Research,I tested the AI gadget that got the internet buzzing and it left me wanting more,https://www.zdnet.com/article/i-tested-the-ai-gadget-that-got-the-internet-buzzing-and-it-left-me-wanting-more/,
Product Research,YouPro lets me access every popular premium AI chatbot for $20/month - but there's a catch,https://www.zdnet.com/article/youpro-lets-me-access-every-popular-premium-ai-chatbot-for-20month-but-theres-a-catch/,
Product Research,Google's Pixel 7 cameras focus on 'accessible creativity' with impressive new features,https://www.zdnet.com/article/googles-pixel-7-cameras-focus-on-accessible-creativity-with-impressive-new-features/,
Product Research,"iLife A11 robot vacuum and mop review: Nice vac, disappointing mop",https://www.zdnet.com/article/ilife-a11-robot-vacuum-and-mop-cleaner-review/,
Product Research,"I tried Microsoft Copilot's new AI image-generating feature, and it solves a real problem",https://www.zdnet.com/article/i-tried-microsoft-copilots-new-ai-image-generating-feature-and-it-solves-a-real-problem/,
Product Research,AI chip startup Ceremorphic comes out of stealth mode,https://www.zdnet.com/article/ai-chip-startup-ceremorphic-comes-out-of-stealth-mode/,
Product Research,Roomba j7+ review: A life-changing robot vacuum,https://www.zdnet.com/article/irobot-roomba-j7-review/,
How-to Guides,What is ambient computing? Everything you need to know about the rise of invisible tech,https://www.zdnet.com/article/what-is-ambient-computing-everything-you-need-to-know-about-the-rise-of-invisible-tech/,
How-to Guides,How to service your robot vacuum cleaner,https://www.zdnet.com/article/how-to-service-your-robot-vacuum-cleaner/,
How-to Guides,How to use Norton's free AI-powered scam detector,https://www.zdnet.com/article/how-to-use-nortons-free-ai-powered-scam-detector/,
How-to Guides,How to chat with ChatGPT right on your Apple Watch. Meet Petey AI,https://www.zdnet.com/article/how-to-chat-with-chatgpt-right-on-your-apple-watch-meet-petey-ai/,
How-to Guides,How to use YouChat as an AI chatbot and search tool,https://www.zdnet.com/article/how-to-use-youchat-as-an-ai-chatbot-and-search-tool/,
How-to Guides,These 3 AI tools made my two-minute how-to video way more fun and engaging,https://www.zdnet.com/article/how-i-used-these-three-ai-tools-to-help-make-a-two-minute-video/,
How-to Guides,How to use Opera's built-in AI chatbot (and why you should),https://www.zdnet.com/article/how-to-use-operas-built-in-ai-chatbot-and-why-you-should/,
How-to Guides,How to supercharge your Google searches with generative AI in Chrome,https://www.zdnet.com/article/how-to-supercharge-your-google-searches-with-generative-ai-in-chrome/,
How-to Guides,How to use ChatGPT to plan a vacation,https://www.zdnet.com/article/how-to-use-chatgpt-to-plan-a-vacation/,
How-to Guides,iPhone 15 Pro users can replace Siri with ChatGPT. Here's how,https://www.zdnet.com/article/iphone-15-pro-users-can-replace-siri-with-chatgpt-heres-how/,
How-to Guides,8 ways to reduce ChatGPT hallucinations,https://www.zdnet.com/article/8-ways-to-reduce-chatgpt-hallucinations/,
How-to Guides,"How to access, install, and use AI ChatGPT-4 plugins (and why you should)",https://www.zdnet.com/article/how-to-access-install-and-use-ai-chatgpt-4-plugins/,
How-to Guides,Gmail will help you write your emails now: How to access Google's new AI tool,https://www.zdnet.com/article/gmail-will-help-you-write-your-emails-now-how-to-access-googles-new-ai-tool/,
How-to Guides,6 helpful ways to use ChatGPT's Custom Instructions,https://www.zdnet.com/article/6-helpful-ways-to-use-chatgpts-custom-instructions/,
How-to Guides,Bing Chat now has the highly-requested dark mode. Here's how to turn it on,https://www.zdnet.com/article/bing-chat-now-has-the-highly-requested-dark-mode-heres-how-to-turn-it-on/,
How-to Guides,What is HuggingChat? Everything to know about this open-source AI chatbot,https://www.zdnet.com/article/what-is-huggingchat-everything-about-the-new-open-source-ai-chatbot/,
How-to Guides,How to save Opera Aria chats for later viewing with Pinboards,https://www.zdnet.com/article/how-to-save-opera-aria-chats-for-later-viewing-with-pinboards/,
How-to Guides,How to get a shareable link to a ChatGPT conversation,https://www.zdnet.com/article/how-to-get-a-shareable-link-to-a-chatgpt-conversation/,
How-to Guides,How to use AI to compose email in BlueMail,https://www.zdnet.com/article/how-to-use-ai-to-compose-email-in-bluemail/,
How-to Guides,"How to use Copilot Pro to compose, reply to, and summarize emails in Outlook",https://www.zdnet.com/article/how-to-use-copilot-pro-to-compose-reply-to-and-summarize-emails-in-outlook/,
How-to Guides,How to selectively modify a Midjourney image to create an artistic statement,https://www.zdnet.com/article/how-to-selectively-modify-a-midjourney-image-to-create-an-artistic-statement/,
How-to Guides,"What does a long context window mean for an AI model, like Gemini?",https://www.zdnet.com/article/what-does-a-long-context-window-mean-for-an-ai-model-like-gemini/,
How-to Guides,The ChatGPT desktop app is more helpful than I expected - here's why and how to try it,https://www.zdnet.com/article/the-chatgpt-desktop-app-is-more-helpful-than-i-expected-heres-why-and-how-to-try-it/,
How-to Guides,7 ways to supercharge your Google searches with AI,https://www.zdnet.com/article/7-ways-to-supercharge-your-google-searches-with-ai/,
How-to Guides,What is ambient computing? Everything you need to know about the rise of invisible tech,https://www.zdnet.com/article/what-is-ambient-computing-everything-you-need-to-know-about-the-rise-of-invisible-tech/,
How-to Guides,How to service your robot vacuum cleaner,https://www.zdnet.com/article/how-to-service-your-robot-vacuum-cleaner/,
How-to Guides,How to use Norton's free AI-powered scam detector,https://www.zdnet.com/article/how-to-use-nortons-free-ai-powered-scam-detector/,
How-to Guides,How to chat with ChatGPT right on your Apple Watch. Meet Petey AI,https://www.zdnet.com/article/how-to-chat-with-chatgpt-right-on-your-apple-watch-meet-petey-ai/,
How-to Guides,How to use YouChat as an AI chatbot and search tool,https://www.zdnet.com/article/how-to-use-youchat-as-an-ai-chatbot-and-search-tool/,
How-to Guides,These 3 AI tools made my two-minute how-to video way more fun and engaging,https://www.zdnet.com/article/how-i-used-these-three-ai-tools-to-help-make-a-two-minute-video/,
How-to Guides,How to use Opera's built-in AI chatbot (and why you should),https://www.zdnet.com/article/how-to-use-operas-built-in-ai-chatbot-and-why-you-should/,
How-to Guides,How to supercharge your Google searches with generative AI in Chrome,https://www.zdnet.com/article/how-to-supercharge-your-google-searches-with-generative-ai-in-chrome/,
How-to Guides,How to use ChatGPT to plan a vacation,https://www.zdnet.com/article/how-to-use-chatgpt-to-plan-a-vacation/,
How-to Guides,iPhone 15 Pro users can replace Siri with ChatGPT. Here's how,https://www.zdnet.com/article/iphone-15-pro-users-can-replace-siri-with-chatgpt-heres-how/,
How-to Guides,8 ways to reduce ChatGPT hallucinations,https://www.zdnet.com/article/8-ways-to-reduce-chatgpt-hallucinations/,
How-to Guides,"How to access, install, and use AI ChatGPT-4 plugins (and why you should)",https://www.zdnet.com/article/how-to-access-install-and-use-ai-chatgpt-4-plugins/,
How-to Guides,Gmail will help you write your emails now: How to access Google's new AI tool,https://www.zdnet.com/article/gmail-will-help-you-write-your-emails-now-how-to-access-googles-new-ai-tool/,
How-to Guides,6 helpful ways to use ChatGPT's Custom Instructions,https://www.zdnet.com/article/6-helpful-ways-to-use-chatgpts-custom-instructions/,
How-to Guides,Bing Chat now has the highly-requested dark mode. Here's how to turn it on,https://www.zdnet.com/article/bing-chat-now-has-the-highly-requested-dark-mode-heres-how-to-turn-it-on/,
How-to Guides,What is HuggingChat? Everything to know about this open-source AI chatbot,https://www.zdnet.com/article/what-is-huggingchat-everything-about-the-new-open-source-ai-chatbot/,
How-to Guides,How to save Opera Aria chats for later viewing with Pinboards,https://www.zdnet.com/article/how-to-save-opera-aria-chats-for-later-viewing-with-pinboards/,
How-to Guides,How to get a shareable link to a ChatGPT conversation,https://www.zdnet.com/article/how-to-get-a-shareable-link-to-a-chatgpt-conversation/,
How-to Guides,How to use AI to compose email in BlueMail,https://www.zdnet.com/article/how-to-use-ai-to-compose-email-in-bluemail/,
How-to Guides,"How to use Copilot Pro to compose, reply to, and summarize emails in Outlook",https://www.zdnet.com/article/how-to-use-copilot-pro-to-compose-reply-to-and-summarize-emails-in-outlook/,
How-to Guides,How to selectively modify a Midjourney image to create an artistic statement,https://www.zdnet.com/article/how-to-selectively-modify-a-midjourney-image-to-create-an-artistic-statement/,
How-to Guides,"What does a long context window mean for an AI model, like Gemini?",https://www.zdnet.com/article/what-does-a-long-context-window-mean-for-an-ai-model-like-gemini/,
How-to Guides,The ChatGPT desktop app is more helpful than I expected - here's why and how to try it,https://www.zdnet.com/article/the-chatgpt-desktop-app-is-more-helpful-than-i-expected-heres-why-and-how-to-try-it/,
How-to Guides,7 ways to supercharge your Google searches with AI,https://www.zdnet.com/article/7-ways-to-supercharge-your-google-searches-with-ai/,
